name,email,date_of_birth,mobile_no,c_dob,dob_year,f_name,l_name,above_18,member_id
Aaron Wilson,Aaron_Wilson@burke-benton.net,17-05-1987,75053391,1987-05-17,1987,Aaron,Wilson,True,Wilson_6845c
Samuel Lee,Samuel_Lee@gardner-rodriguez.net,1974/09/02,57636831,1974-02-09,1974,Samuel,Lee,True,Lee_0e572
Jennifer Weaver,Jennifer_Weaver@patterson.com,15-10-1978,74152151,1978-10-15,1978,Jennifer,Weaver,True,Weaver_feb81
Brittany Ellison,Brittany_Ellison@nolan.com,2004/04/04,82360847,2004-04-04,2004,Brittany,Ellison,True,Ellison_93ac6
Leonard Hamilton,Leonard_Hamilton@brown.com,1988-02-29,76082775,1988-02-29,1988,Leonard,Hamilton,True,Hamilton_f2276
Kathy Phillips,Kathy_Phillips@floyd.com,16-12-1984,57829247,1984-12-16,1984,Kathy,Phillips,True,Phillips_608c9
Jennifer Jimenez,Jennifer_Jimenez@morgan.com,1992-11-21,59592559,1992-11-21,1992,Jennifer,Jimenez,True,Jimenez_5ed59
Victoria Lawson,Victoria_Lawson@snyder.com,12-04-1954,24045823,1954-04-12,1954,Victoria,Lawson,True,Lawson_6d37f
Michael Martinez,Michael_Martinez@hogan.net,1952/11/07,40271975,1952-07-11,1952,Michael,Martinez,True,Martinez_f7c36
Dr. Paul Jones,Paul_Jones@clark-irwin.com,1994/02/15,91301999,1994-02-15,1994,Paul,Jones,True,Jones_f903f
Danielle Tran,Danielle_Tran@mann.com,1988-08-26,85246679,1988-08-26,1988,Danielle,Tran,True,Tran_40aaa
Jeff Freeman,Jeff_Freeman@guzman.com,20-05-2003,13590655,2003-05-20,2003,Jeff,Freeman,True,Freeman_35a3d
Marissa Jones,Marissa_Jones@lewis.net,1958/08/06,32094119,1958-06-08,1958,Marissa,Jones,True,Jones_986c3
Elijah Roy,Elijah_Roy@jones-baldwin.com,1987/07/05,57159015,1987-05-07,1987,Elijah,Roy,True,Roy_d0fea
Courtney Simpson,Courtney_Simpson@preston-cantrell.com,1973-11-03,77314887,1973-03-11,1973,Courtney,Simpson,True,Simpson_d0126
Kimberly Hopkins,Kimberly_Hopkins@adams.com,1993-10-22,67364511,1993-10-22,1993,Kimberly,Hopkins,True,Hopkins_56d12
William King,William_King@cline-allen.com,15-11-1984,21561215,1984-11-15,1984,William,King,True,King_4ae33
Stephanie Robertson,Stephanie_Robertson@owen-rodriguez.com,08-05-2002,75259367,2002-05-08,2002,Stephanie,Robertson,True,Robertson_e101e
Ashley Rogers,Ashley_Rogers@elliott-johnson.com,12-06-2004,97874903,2004-06-12,2004,Ashley,Rogers,True,Rogers_4ba87
Rickey Hill,Rickey_Hill@parker-cohen.com,1964-04-30,56465207,1964-04-30,1964,Rickey,Hill,True,Hill_bd6cc
Erika Stewart,Erika_Stewart@solis.com,26-12-1985,83552695,1985-12-26,1985,Erika,Stewart,True,Stewart_40f40
Christina Johnson,Christina_Johnson@clark.com,22-06-2001,30262983,2001-06-22,2001,Christina,Johnson,True,Johnson_5dcd5
Kelli Wells,Kelli_Wells@jones.com,1954-03-08,27406215,1954-08-03,1954,Kelli,Wells,True,Wells_5f511
Nathan Archer,Nathan_Archer@gray.com,1956/07/23,72954367,1956-07-23,1956,Nathan,Archer,True,Archer_c6232
Michael Kline,Michael_Kline@phelps-alvarez.com,23-06-1965,20968343,1965-06-23,1965,Michael,Kline,True,Kline_6fe75
Joshua Rodriguez,Joshua_Rodriguez@thornton-benitez.com,1953/03/17,27953967,1953-03-17,1953,Joshua,Rodriguez,True,Rodriguez_1eec6
James Rodriguez,James_Rodriguez@logan.com,1981/07/17,50981423,1981-07-17,1981,James,Rodriguez,True,Rodriguez_a7ea3
Robert Ortega,Robert_Ortega@perez.com,16-03-1960,57040695,1960-03-16,1960,Robert,Ortega,True,Ortega_7f647
Teresa Ruiz,Teresa_Ruiz@holmes.com,1951/09/04,22432447,1951-04-09,1951,Teresa,Ruiz,True,Ruiz_8ac44
Madison Mejia,Madison_Mejia@sims.com,1953-03-23,73824679,1953-03-23,1953,Madison,Mejia,True,Mejia_10b0a
James Bailey,James_Bailey@flynn.net,10-07-1986,26146743,1986-07-10,1986,James,Bailey,True,Bailey_6dd20
Mary Perry,Mary_Perry@williams.net,1973-08-08,57879711,1973-08-08,1973,Mary,Perry,True,Perry_e8625
Crystal Jones,Crystal_Jones@webb.com,14-09-1962,39588047,1962-09-14,1962,Crystal,Jones,True,Jones_85733
Aaron Brown,Aaron_Brown@yates.com,1986-05-02,43815191,1986-02-05,1986,Aaron,Brown,True,Brown_0522f
Tanya Barajas,Tanya_Barajas@davis.com,1974-04-30,92793871,1974-04-30,1974,Tanya,Barajas,True,Barajas_c09f8
Samantha Rasmussen,Samantha_Rasmussen@stokes-leon.com,21-06-1994,26634223,1994-06-21,1994,Samantha,Rasmussen,True,Rasmussen_0fcc4
Vincent Martin,Vincent_Martin@wright-lee.com,1984/01/24,55457087,1984-01-24,1984,Vincent,Martin,True,Martin_92713
Tony Crawford,Tony_Crawford@moore.com,1987/08/18,15997263,1987-08-18,1987,Tony,Crawford,True,Crawford_a2a35
Randy Sullivan,Randy_Sullivan@perez.net,1961-10-25,15665967,1961-10-25,1961,Randy,Sullivan,True,Sullivan_7d828
Kimberly Thompson,Kimberly_Thompson@brewer-walters.net,12-11-2000,88531623,2000-11-12,2000,Kimberly,Thompson,True,Thompson_5e06b
Martin Compton,Martin_Compton@morgan.com,1984-06-02,42037887,1984-02-06,1984,Martin,Compton,True,Compton_7eba8
Tracy Brown,Tracy_Brown@joyce.com,1972-08-23,26044711,1972-08-23,1972,Tracy,Brown,True,Brown_8baf8
Leslie Preston,Leslie_Preston@johns.com,05-10-1972,71892959,1972-10-05,1972,Leslie,Preston,True,Preston_b78bc
Jay Parker,Jay_Parker@fowler.net,30-09-1993,57583783,1993-09-30,1993,Jay,Parker,True,Parker_311d6
Lance Williams,Lance_Williams@williams.net,1973-08-07,19310567,1973-07-08,1973,Lance,Williams,True,Williams_6c6eb
Kathleen Allen,Kathleen_Allen@cook.com,1986/01/13,38829559,1986-01-13,1986,Kathleen,Allen,True,Allen_b02ca
Marie Lamb,Marie_Lamb@hampton.com,1979-04-10,26841263,1979-10-04,1979,Marie,Lamb,True,Lamb_5c0e7
Nathan Flores,Nathan_Flores@gibbs.net,04-09-1979,86883135,1979-09-04,1979,Nathan,Flores,True,Flores_b1169
Ashley Caldwell,Ashley_Caldwell@mason-bryant.com,1988/09/03,13420663,1988-03-09,1988,Ashley,Caldwell,True,Caldwell_2d372
Renee Martin,Renee_Martin@crawford-walker.com,21-04-1981,55803823,1981-04-21,1981,Renee,Martin,True,Martin_caab2
Keith Parker,Keith_Parker@moore.com,1964-08-26,40120471,1964-08-26,1964,Keith,Parker,True,Parker_0793e
Melissa Levy,Melissa_Levy@arroyo.com,1950/03/30,51842935,1950-03-30,1950,Melissa,Levy,True,Levy_bef91
Brandon Powell,Brandon_Powell@craig-gonzales.net,06-06-1976,43375815,1976-06-06,1976,Brandon,Powell,True,Powell_fe4b6
Michael Wu,Michael_Wu@gutierrez.com,30-11-2004,29225607,2004-11-30,2004,Michael,Wu,True,Wu_c308d
Kimberly Stone,Kimberly_Stone@murphy-bryant.com,1994-05-12,25323999,1994-12-05,1994,Kimberly,Stone,True,Stone_23958
Adam Jones,Adam_Jones@ashley.com,16-03-1973,55082935,1973-03-16,1973,Adam,Jones,True,Jones_575ba
Elizabeth Andersen,Elizabeth_Andersen@baker.com,23-01-1974,69096535,1974-01-23,1974,Elizabeth,Andersen,True,Andersen_61066
Destiny Lutz,Destiny_Lutz@thompson-wright.com,04-12-1994,87853607,1994-12-04,1994,Destiny,Lutz,True,Lutz_6aa1c
Brandy Allen,Brandy_Allen@hardy-griffin.com,1981-01-13,92130799,1981-01-13,1981,Brandy,Allen,True,Allen_54dd1
Stephanie Decker,Stephanie_Decker@barrett.net,1977-09-05,92626639,1977-05-09,1977,Stephanie,Decker,True,Decker_8b48e
Michelle Keller,Michelle_Keller@johnson.com,06-07-1951,56139711,1951-07-06,1951,Michelle,Keller,True,Keller_86f7a
Stacey Yates,Stacey_Yates@lewis.com,12-08-1992,30115967,1992-08-12,1992,Stacey,Yates,True,Yates_d9866
Sue Lee,Sue_Lee@rojas.com,1986/08/29,97367575,1986-08-29,1986,Sue,Lee,True,Lee_f9df7
Anna Long,Anna_Long@coleman.com,1974/03/16,52566967,1974-03-16,1974,Anna,Long,True,Long_850ab
Annette Watson,Annette_Watson@brown-brennan.com,1958/04/23,67851175,1958-04-23,1958,Annette,Watson,True,Watson_6dc0c
James Thomas,James_Thomas@torres.net,1952/05/09,58718239,1952-09-05,1952,James,Thomas,True,Thomas_12f3a
Kimberly Kelly,Kimberly_Kelly@smith-davis.com,2004/04/03,97604615,2004-03-04,2004,Kimberly,Kelly,True,Kelly_dcca6
Kelli Olson,Kelli_Olson@campbell.net,1996-07-23,50265023,1996-07-23,1996,Kelli,Olson,True,Olson_50aa7
Becky Reid,Becky_Reid@vargas.net,1975/10/27,37025287,1975-10-27,1975,Becky,Reid,True,Reid_1bdd4
Wesley Shaw,Wesley_Shaw@henderson-gibson.com,1983-01-21,76819471,1983-01-21,1983,Wesley,Shaw,True,Shaw_afe1c
Pamela Boyd,Pamela_Boyd@freeman.com,1968/06/28,25030751,1968-06-28,1968,Pamela,Boyd,True,Boyd_94bd7
Jeremy Lewis,Jeremy_Lewis@murray.com,1953-01-07,44159519,1953-07-01,1953,Jeremy,Lewis,True,Lewis_58ed0
Jennifer Garza,Jennifer_Garza@herrera-klein.com,1989-06-03,31999455,1989-03-06,1989,Jennifer,Garza,True,Garza_a7ba7
Andre Manning,Andre_Manning@reeves-marshall.com,12-08-2004,66456055,2004-08-12,2004,Andre,Manning,True,Manning_d84a9
Joseph Perry,Joseph_Perry@tucker.com,1951-06-16,16254071,1951-06-16,1951,Joseph,Perry,True,Perry_b530f
Heather Herman,Heather_Herman@williams-lindsey.com,1971/06/06,97877423,1971-06-06,1971,Heather,Herman,True,Herman_0ab62
Laura Lopez,Laura_Lopez@rodriguez.com,1990/12/21,72627367,1990-12-21,1990,Laura,Lopez,True,Lopez_ea347
Reginald Barnes,Reginald_Barnes@walker-robinson.com,1973-02-14,19884399,1973-02-14,1973,Reginald,Barnes,True,Barnes_f462c
Robert Weaver,Robert_Weaver@young-leonard.com,18-02-1982,39131199,1982-02-18,1982,Robert,Weaver,True,Weaver_201e1
Beth Martinez,Beth_Martinez@johnson.com,1968-12-25,87909191,1968-12-25,1968,Beth,Martinez,True,Martinez_204f4
Spencer Ware,Spencer_Ware@montgomery-lane.com,1980/10/09,74599951,1980-09-10,1980,Spencer,Ware,True,Ware_b7eab
Willie Erickson,Willie_Erickson@bartlett.com,1991/01/10,53673855,1991-10-01,1991,Willie,Erickson,True,Erickson_7ecf6
Daniel Nguyen,Daniel_Nguyen@mccall.com,1959/09/03,37673823,1959-03-09,1959,Daniel,Nguyen,True,Nguyen_2f0a2
Leonard Martinez,Leonard_Martinez@mcbride.com,1956-09-22,14452319,1956-09-22,1956,Leonard,Martinez,True,Martinez_7564a
Robert Stephens,Robert_Stephens@lopez.com,19-06-2000,92784815,2000-06-19,2000,Robert,Stephens,True,Stephens_5a6e3
Daniel Chen,Daniel_Chen@little.com,1952/07/16,46750383,1952-07-16,1952,Daniel,Chen,True,Chen_7d3b1
Samuel Dalton,Samuel_Dalton@marquez.com,1996-09-16,75194711,1996-09-16,1996,Samuel,Dalton,True,Dalton_32ce4
Heather Bennett,Heather_Bennett@hamilton-blair.com,2002/01/05,64795847,2002-05-01,2002,Heather,Bennett,True,Bennett_3b82f
Joshua King,Joshua_King@hale.net,01-06-2000,99342223,2000-06-01,2000,Joshua,King,True,King_f3369
Crystal Blake,Crystal_Blake@parker.com,17-11-1970,97878511,1970-11-17,1970,Crystal,Blake,True,Blake_e7660
Amanda Evans,Amanda_Evans@cox.com,1959-02-24,92559519,1959-02-24,1959,Amanda,Evans,True,Evans_62a52
Sergio Day,Sergio_Day@guzman-garrett.com,1951-05-31,27091295,1951-05-31,1951,Sergio,Day,True,Day_69b70
Julie Boyd,Julie_Boyd@white-george.com,1969-09-06,47949079,1969-06-09,1969,Julie,Boyd,True,Boyd_e1b0f
Logan Watkins,Logan_Watkins@hernandez.com,2000-05-11,87081215,2000-11-05,2000,Logan,Watkins,True,Watkins_4b1ea
Steven Ortiz,Steven_Ortiz@hamilton.com,06-05-1967,15073183,1967-05-06,1967,Steven,Ortiz,True,Ortiz_8f14e
Lisa Marquez,Lisa_Marquez@day-smith.com,1971/03/26,18443671,1971-03-26,1971,Lisa,Marquez,True,Marquez_7aa36
Jennifer Martin,Jennifer_Martin@moore.com,1983-05-27,83212175,1983-05-27,1983,Jennifer,Martin,True,Martin_82381
Arthur Chandler,Arthur_Chandler@martin.com,1961-02-10,18438007,1961-10-02,1961,Arthur,Chandler,True,Chandler_acc13
Ronald Hudson,Ronald_Hudson@carson.com,10-03-1951,66192423,1951-03-10,1951,Ronald,Hudson,True,Hudson_31f1d
Jennifer Lee,Jennifer_Lee@guerra-lopez.com,01-04-1950,35305031,1950-04-01,1950,Jennifer,Lee,True,Lee_f2321
Gregory Yoder,Gregory_Yoder@robinson-johnson.com,20-06-1953,75705319,1953-06-20,1953,Gregory,Yoder,True,Yoder_70108
Carolyn Harmon,Carolyn_Harmon@watts-horn.com,1998-01-24,55977599,1998-01-24,1998,Carolyn,Harmon,True,Harmon_69598
Dr. Christopher Harrell,Christopher_Harrell@lindsey.com,1970-06-30,52999479,1970-06-30,1970,Christopher,Harrell,True,Harrell_7257b
Kevin Johnson,Kevin_Johnson@rogers.com,1993/08/02,15154639,1993-02-08,1993,Kevin,Johnson,True,Johnson_3549e
Jessica Smith,Jessica_Smith@galloway.com,2004-06-29,11145663,2004-06-29,2004,Jessica,Smith,True,Smith_d7f57
Michael Harrison,Michael_Harrison@franklin.com,19-08-1951,29087871,1951-08-19,1951,Michael,Harrison,True,Harrison_087c8
Terry Moore,Terry_Moore@barker-ayers.com,15-06-1987,19828167,1987-06-15,1987,Terry,Moore,True,Moore_c62aa
James Rogers,James_Rogers@green.net,1993/07/04,65821255,1993-04-07,1993,James,Rogers,True,Rogers_c68d9
Kathleen Tran,Kathleen_Tran@wilson.net,1974-02-11,20044927,1974-11-02,1974,Kathleen,Tran,True,Tran_bd397
Jacqueline Conway,Jacqueline_Conway@robinson-carson.com,1971/06/17,91842383,1971-06-17,1971,Jacqueline,Conway,True,Conway_ae427
Maxwell Cole,Maxwell_Cole@larson.com,1951-02-03,41796463,1951-03-02,1951,Maxwell,Cole,True,Cole_51334
Bethany Williamson,Bethany_Williamson@flores.com,1954/03/10,40227935,1954-10-03,1954,Bethany,Williamson,True,Williamson_b834c
Joseph Wright,Joseph_Wright@powell.net,1957-05-21,40768583,1957-05-21,1957,Joseph,Wright,True,Wright_f1b73
Heidi Bolton,Heidi_Bolton@spencer.com,1956-06-16,58079023,1956-06-16,1956,Heidi,Bolton,True,Bolton_06e0a
Daniel Lewis,Daniel_Lewis@robertson.com,1977/02/05,48084439,1977-05-02,1977,Daniel,Lewis,True,Lewis_9ee6e
Dale Ramirez,Dale_Ramirez@patton.com,23-03-1955,59875791,1955-03-23,1955,Dale,Ramirez,True,Ramirez_63293
Carol Sharp,Carol_Sharp@garcia-lamb.com,03-12-1975,18014567,1975-12-03,1975,Carol,Sharp,True,Sharp_19bdd
Joseph Buck,Joseph_Buck@jacobs.com,1952/03/11,34270063,1952-11-03,1952,Joseph,Buck,True,Buck_0bafd
Lynn Anderson,Lynn_Anderson@williams-carter.com,13-01-1996,75488911,1996-01-13,1996,Lynn,Anderson,True,Anderson_542fb
Sarah Harris,Sarah_Harris@thomas-sanchez.com,2001-05-30,52442775,2001-05-30,2001,Sarah,Harris,True,Harris_526ca
Victor Owens,Victor_Owens@collins.com,1996-08-15,53064383,1996-08-15,1996,Victor,Owens,True,Owens_620f1
Kimberly Koch,Kimberly_Koch@rodriguez.net,25-01-1987,35893839,1987-01-25,1987,Kimberly,Koch,True,Koch_43971
Allison Obrien,Allison_Obrien@bailey-sanders.com,1962/04/23,81154631,1962-04-23,1962,Allison,Obrien,True,Obrien_00e34
John Rogers,John_Rogers@oneill.com,09-05-1971,21046575,1971-05-09,1971,John,Rogers,True,Rogers_83dc9
Janet Collins,Janet_Collins@farrell.com,1984-07-21,89424095,1984-07-21,1984,Janet,Collins,True,Collins_120bd
Kristin Lawson,Kristin_Lawson@salinas.com,01-11-1976,36661711,1976-11-01,1976,Kristin,Lawson,True,Lawson_a0aec
James Castaneda,James_Castaneda@miller-hart.com,26-01-1964,64715807,1964-01-26,1964,James,Castaneda,True,Castaneda_7660a
Robert Ortiz,Robert_Ortiz@saunders-hunter.com,1976/11/08,80296223,1976-08-11,1976,Robert,Ortiz,True,Ortiz_15465
Connie Harper,Connie_Harper@lewis.com,1995/06/27,21369119,1995-06-27,1995,Connie,Harper,True,Harper_709ac
Debbie Burns,Debbie_Burns@salinas.com,1983/08/06,95570935,1983-06-08,1983,Debbie,Burns,True,Burns_77872
Gabriel Preston,Gabriel_Preston@black.com,20-11-1996,88336263,1996-11-20,1996,Gabriel,Preston,True,Preston_b6298
Brandon Orozco,Brandon_Orozco@greene.com,1987-07-17,59988495,1987-07-17,1987,Brandon,Orozco,True,Orozco_02d2b
Kari Nguyen,Kari_Nguyen@farley.com,19-11-1999,47980591,1999-11-19,1999,Kari,Nguyen,True,Nguyen_6f546
Brittany Hill,Brittany_Hill@rogers-hoffman.com,1987-06-05,90817791,1987-05-06,1987,Brittany,Hill,True,Hill_3d175
Carrie Martinez,Carrie_Martinez@hendrix.com,1974/01/24,96107743,1974-01-24,1974,Carrie,Martinez,True,Martinez_a7c33
Linda White,Linda_White@moore.com,1975/10/15,84876711,1975-10-15,1975,Linda,White,True,White_e9960
Jake Spencer,Jake_Spencer@murphy.com,2002-05-09,53533879,2002-09-05,2002,Jake,Spencer,True,Spencer_faef3
Joseph Chan,Joseph_Chan@hutchinson-gutierrez.com,1966/09/22,19544079,1966-09-22,1966,Joseph,Chan,True,Chan_f9d1e
Kathleen Ali,Kathleen_Ali@horn-rogers.com,1996-06-02,45338687,1996-02-06,1996,Kathleen,Ali,True,Ali_411ea
Danielle Stephens,Danielle_Stephens@miller.net,1961/09/29,16838823,1961-09-29,1961,Danielle,Stephens,True,Stephens_baaae
Brianna Schaefer,Brianna_Schaefer@nelson-mcmahon.com,12-03-1976,34700887,1976-03-12,1976,Brianna,Schaefer,True,Schaefer_ff120
Angela Morris,Angela_Morris@murray.com,07-02-1976,89409391,1976-02-07,1976,Angela,Morris,True,Morris_d143a
Jessica Smith,Jessica_Smith@walsh-steele.com,31-05-1951,97984639,1951-05-31,1951,Jessica,Smith,True,Smith_69b70
Brenda Long,Brenda_Long@carter.net,1951/09/14,45992583,1951-09-14,1951,Brenda,Long,True,Long_f0fca
Megan Taylor,Megan_Taylor@montgomery.com,05-10-1993,12610975,1993-10-05,1993,Megan,Taylor,True,Taylor_7a3e1
Kelly Morales,Kelly_Morales@sanchez.com,27-02-1980,44799815,1980-02-27,1980,Kelly,Morales,True,Morales_3cabc
Sheri Johnson,Sheri_Johnson@lucas.com,1988/04/22,34118127,1988-04-22,1988,Sheri,Johnson,True,Johnson_5c594
Lori Pacheco,Lori_Pacheco@ayala.com,1962-06-30,94662495,1962-06-30,1962,Lori,Pacheco,True,Pacheco_7ccf5
Sandra Schmidt,Sandra_Schmidt@herrera.com,1959/07/11,50638143,1959-11-07,1959,Sandra,Schmidt,True,Schmidt_b6224
Ms. Rachel Hill,Rachel_Hill@gutierrez.com,12-02-1954,55824367,1954-02-12,1954,Ms.,Rachel,True,Rachel_bc827
Emily Case,Emily_Case@lewis.com,1985/05/08,90216215,1985-08-05,1985,Emily,Case,True,Case_86916
Seth Alvarez,Seth_Alvarez@conrad.com,01-08-1980,90929927,1980-08-01,1980,Seth,Alvarez,True,Alvarez_f00bd
Jose Reyes,Jose_Reyes@garcia.com,1970-09-29,94563263,1970-09-29,1970,Jose,Reyes,True,Reyes_0a636
Zachary Le,Zachary_Le@whitaker.com,1985-10-28,56441999,1985-10-28,1985,Zachary,Le,True,Le_44e84
Rhonda Anthony,Rhonda_Anthony@lawson.com,1974-09-15,12850551,1974-09-15,1974,Rhonda,Anthony,True,Anthony_91ec3
Joseph Hill,Joseph_Hill@rodriguez-newton.com,2002-09-23,89902687,2002-09-23,2002,Joseph,Hill,True,Hill_0d4d9
Erin Davis,Erin_Davis@sanchez.net,1960-09-17,22992863,1960-09-17,1960,Erin,Davis,True,Davis_dbcb2
Lucas Brown,Lucas_Brown@miller.com,1989/11/01,34675679,1989-01-11,1989,Lucas,Brown,True,Brown_e903c
William Garcia,William_Garcia@powell.com,1985-09-12,25729991,1985-12-09,1985,William,Garcia,True,Garcia_f20c5
Lauren Swanson,Lauren_Swanson@pena-pierce.com,21-09-1961,85204407,1961-09-21,1961,Lauren,Swanson,True,Swanson_b3ea5
John Frank,John_Frank@martin.com,1950/05/19,42691023,1950-05-19,1950,John,Frank,True,Frank_4dfb9
Nicole Schmidt,Nicole_Schmidt@stephens.com,1965-11-09,86157423,1965-09-11,1965,Nicole,Schmidt,True,Schmidt_8538c
Nathan Gray,Nathan_Gray@scott-gonzalez.com,1996-06-18,48983767,1996-06-18,1996,Nathan,Gray,True,Gray_15cd6
Nichole Delgado,Nichole_Delgado@dixon-cruz.com,1972-03-05,60338223,1972-05-03,1972,Nichole,Delgado,True,Delgado_746ec
Marcus Rodriguez,Marcus_Rodriguez@jones.com,1969/05/11,23424599,1969-11-05,1969,Marcus,Rodriguez,True,Rodriguez_32571
Samuel Solomon,Samuel_Solomon@wolf.net,30-12-1987,26166751,1987-12-30,1987,Samuel,Solomon,True,Solomon_23bae
Katrina Miller,Katrina_Miller@grimes.com,1954-03-08,81240247,1954-08-03,1954,Katrina,Miller,True,Miller_5f511
Raymond Conner,Raymond_Conner@oneal-johnson.com,28-01-1997,95736583,1997-01-28,1997,Raymond,Conner,True,Conner_71970
Lori Fuller,Lori_Fuller@gordon.com,1968-01-01,54288255,1968-01-01,1968,Lori,Fuller,True,Fuller_9068b
Corey Wilson,Corey_Wilson@hoover-hernandez.com,1953/10/11,39467535,1953-11-10,1953,Corey,Wilson,True,Wilson_4bdc8
Holly James,Holly_James@macdonald.com,1964/11/04,62732175,1964-04-11,1964,Holly,James,True,James_fbbbd
Alicia Mccarty,Alicia_Mccarty@beasley.com,16-09-1982,57669519,1982-09-16,1982,Alicia,Mccarty,True,Mccarty_a4b9d
Zoe Christian,Zoe_Christian@grant.com,19-03-1999,22170983,1999-03-19,1999,Zoe,Christian,True,Christian_90eb3
Nicholas Watson,Nicholas_Watson@williams.com,1962-04-03,72181751,1962-03-04,1962,Nicholas,Watson,True,Watson_4bf90
Victoria Wood,Victoria_Wood@proctor-baker.com,1991-06-22,13955959,1991-06-22,1991,Victoria,Wood,True,Wood_67f27
Jillian Knight,Jillian_Knight@davenport.com,1988-11-08,20417711,1988-08-11,1988,Jillian,Knight,True,Knight_64864
Ryan Fisher,Ryan_Fisher@fletcher.com,30-10-1987,63505855,1987-10-30,1987,Ryan,Fisher,True,Fisher_27703
Stephanie Howe,Stephanie_Howe@allen.com,09-05-1963,37283343,1963-05-09,1963,Stephanie,Howe,True,Howe_80a05
Kenneth Kim,Kenneth_Kim@duran.com,05-05-1999,37818767,1999-05-05,1999,Kenneth,Kim,True,Kim_c0e4a
Andrew Macias,Andrew_Macias@douglas.com,1966-10-13,28232535,1966-10-13,1966,Andrew,Macias,True,Macias_a4116
Elizabeth Huffman,Elizabeth_Huffman@zamora.com,1958/09/18,15486151,1958-09-18,1958,Elizabeth,Huffman,True,Huffman_fb25a
Christina Stone,Christina_Stone@medina.com,1993-03-20,34449775,1993-03-20,1993,Christina,Stone,True,Stone_9ab9f
Alexander Merritt,Alexander_Merritt@butler.net,13-09-1980,33574735,1980-09-13,1980,Alexander,Merritt,True,Merritt_696fd
Kelly Sanders,Kelly_Sanders@coleman.com,1952-04-13,29703695,1952-04-13,1952,Kelly,Sanders,True,Sanders_e9c2f
Matthew Jones,Matthew_Jones@arnold.com,2000/06/15,98616991,2000-06-15,2000,Matthew,Jones,True,Jones_fae51
Sarah David,Sarah_David@collier.net,1998-12-16,97218247,1998-12-16,1998,Sarah,David,True,David_39e9f
Carmen Barajas,Carmen_Barajas@smith.com,1981-05-26,34685455,1981-05-26,1981,Carmen,Barajas,True,Barajas_62836
Angela Johnson,Angela_Johnson@stewart.com,27-08-1984,62439103,1984-08-27,1984,Angela,Johnson,True,Johnson_5dcba
Melissa Sparks,Melissa_Sparks@sanchez-stevenson.com,1993/08/02,27530863,1993-02-08,1993,Melissa,Sparks,True,Sparks_3549e
Katherine Hill,Katherine_Hill@tran.com,1983/09/18,37709951,1983-09-18,1983,Katherine,Hill,True,Hill_e971e
Kristin Hart,Kristin_Hart@ortega.com,17-12-1966,36255543,1966-12-17,1966,Kristin,Hart,True,Hart_3b264
Jacqueline Ho,Jacqueline_Ho@henry.com,31-01-1961,75359367,1961-01-31,1961,Jacqueline,Ho,True,Ho_73551
Michael Knight,Michael_Knight@davidson.com,04-08-1987,71412263,1987-08-04,1987,Michael,Knight,True,Knight_d46f2
Heather Arroyo,Heather_Arroyo@martinez.com,1979/07/09,36165719,1979-09-07,1979,Heather,Arroyo,True,Arroyo_80e53
Lori Larson,Lori_Larson@flowers.com,1963-08-07,38397103,1963-07-08,1963,Lori,Larson,True,Larson_af4a6
David Vazquez,David_Vazquez@davila-beck.com,06-12-1990,57160871,1990-12-06,1990,David,Vazquez,True,Vazquez_73e4f
Sherry Hicks,Sherry_Hicks@stout-nicholson.com,27-11-1961,12514111,1961-11-27,1961,Sherry,Hicks,True,Hicks_5e5f2
Sarah Davila,Sarah_Davila@nash.com,1979/09/06,46685303,1979-06-09,1979,Sarah,Davila,True,Davila_ee457
Karen Oneill,Karen_Oneill@gomez.com,1992/10/04,72265879,1992-04-10,1992,Karen,Oneill,True,Oneill_fe1ad
Nicholas Mills,Nicholas_Mills@williams.com,1963-10-01,68844231,1963-01-10,1963,Nicholas,Mills,True,Mills_924ce
Jennifer Montgomery,Jennifer_Montgomery@estrada-cole.com,1971/07/15,53834071,1971-07-15,1971,Jennifer,Montgomery,True,Montgomery_1a334
Cynthia Bailey,Cynthia_Bailey@oneill.com,1979-08-25,48942719,1979-08-25,1979,Cynthia,Bailey,True,Bailey_13beb
John Wright,John_Wright@harris.com,1983/10/19,96650335,1983-10-19,1983,John,Wright,True,Wright_fefcf
Sheila Brown,Sheila_Brown@stevens-edwards.com,1982-11-28,32490999,1982-11-28,1982,Sheila,Brown,True,Brown_565a7
Lisa Moore,Lisa_Moore@ramos.com,19-11-1994,99493567,1994-11-19,1994,Lisa,Moore,True,Moore_a6529
Julian Newman,Julian_Newman@haynes.com,1958-03-13,49873159,1958-03-13,1958,Julian,Newman,True,Newman_15a27
Thomas Ferguson,Thomas_Ferguson@guzman.com,1959/12/13,28787319,1959-12-13,1959,Thomas,Ferguson,True,Ferguson_fb458
Lauren Rodriguez,Lauren_Rodriguez@soto.com,1993/10/16,27106623,1993-10-16,1993,Lauren,Rodriguez,True,Rodriguez_a9b99
Richard Anderson,Richard_Anderson@white.com,06-07-1958,66751511,1958-07-06,1958,Richard,Anderson,True,Anderson_76323
Jessica Lee,Jessica_Lee@brown-baxter.com,1967/01/24,89410823,1967-01-24,1967,Jessica,Lee,True,Lee_7f12f
Martin Allen,Martin_Allen@steele.com,24-09-2002,99969439,2002-09-24,2002,Martin,Allen,True,Allen_7a4f2
Angela Mitchell,Angela_Mitchell@moreno-evans.com,1969-01-05,50190223,1969-05-01,1969,Angela,Mitchell,True,Mitchell_1a383
Derrick Sanchez,Derrick_Sanchez@mitchell.com,1970/04/24,97980535,1970-04-24,1970,Derrick,Sanchez,True,Sanchez_9f266
Christine Ellis,Christine_Ellis@blackwell.com,1998/06/17,69393823,1998-06-17,1998,Christine,Ellis,True,Ellis_b9ff0
Alyssa Salinas,Alyssa_Salinas@robbins.com,07-10-1998,41363847,1998-10-07,1998,Alyssa,Salinas,True,Salinas_4cb46
Mr. Kevin Walsh,Kevin_Walsh@hamilton.net,1992/08/05,63251375,1992-05-08,1992,Kevin,Walsh,True,Walsh_66f94
Kenneth Knox,Kenneth_Knox@zamora.com,1999-06-26,47904991,1999-06-26,1999,Kenneth,Knox,True,Knox_d64ed
Steve Mitchell,Steve_Mitchell@adkins-russell.com,27-10-1975,98789479,1975-10-27,1975,Steve,Mitchell,True,Mitchell_1bdd4
Craig Hendricks,Craig_Hendricks@garcia-higgins.com,1995/10/18,51721063,1995-10-18,1995,Craig,Hendricks,True,Hendricks_a352c
Ricky Kerr,Ricky_Kerr@gonzalez-martinez.com,25-06-1951,43238807,1951-06-25,1951,Ricky,Kerr,True,Kerr_a02d8
Gloria Aguilar,Gloria_Aguilar@dorsey-donaldson.com,1969-06-06,69773231,1969-06-06,1969,Gloria,Aguilar,True,Aguilar_d3661
Alexander Knight,Alexander_Knight@doyle.com,1974-08-12,41639975,1974-12-08,1974,Alexander,Knight,True,Knight_a334a
Joseph Cross,Joseph_Cross@mason-shaw.net,1953-01-26,35750023,1953-01-26,1953,Joseph,Cross,True,Cross_36c08
Dr. Joel Myers PhD,Joel_Myers@smith-willis.net,1972/09/20,49665991,1972-09-20,1972,Joel,Myers,True,Myers_1466d
Michael Mckee,Michael_Mckee@gordon.com,2000/09/17,87409327,2000-09-17,2000,Michael,Mckee,True,Mckee_92c0e
Roy Park,Roy_Park@rodriguez-west.com,29-10-1955,69451423,1955-10-29,1955,Roy,Park,True,Park_a639e
Jonathan Castro,Jonathan_Castro@sandoval.com,1970-04-09,95059239,1970-09-04,1970,Jonathan,Castro,True,Castro_5c1f9
Richard Carroll,Richard_Carroll@massey-gardner.com,26-05-1961,61422551,1961-05-26,1961,Richard,Carroll,True,Carroll_78391
Michelle Fletcher,Michelle_Fletcher@anderson.com,1983-10-24,15665159,1983-10-24,1983,Michelle,Fletcher,True,Fletcher_e6fff
Carol Murphy,Carol_Murphy@lowe.com,1964/03/17,54241135,1964-03-17,1964,Carol,Murphy,True,Murphy_ecd95
Michael Russell,Michael_Russell@orozco.com,1968-03-08,24280095,1968-08-03,1968,Michael,Russell,True,Russell_4e5df
Shawna Andrews,Shawna_Andrews@freeman.com,15-11-1998,12022295,1998-11-15,1998,Shawna,Andrews,True,Andrews_776f9
Dana Hernandez,Dana_Hernandez@jackson.com,1994-01-26,50236391,1994-01-26,1994,Dana,Hernandez,True,Hernandez_3d7b1
Lauren Harris,Lauren_Harris@long.com,1978-08-11,42605007,1978-11-08,1978,Lauren,Harris,True,Harris_14343
Sean Morales,Sean_Morales@molina.com,2003/09/20,50605207,2003-09-20,2003,Sean,Morales,True,Morales_867f3
John Mendoza,John_Mendoza@mahoney.com,19-05-1985,85845135,1985-05-19,1985,John,Mendoza,True,Mendoza_fa60d
Sierra Mcdaniel,Sierra_Mcdaniel@mata.com,13-07-2003,77274903,2003-07-13,2003,Sierra,Mcdaniel,True,Mcdaniel_4de3f
Wendy Smith,Wendy_Smith@smith-webb.com,28-01-1970,60349279,1970-01-28,1970,Wendy,Smith,True,Smith_85c0b
Leslie Diaz,Leslie_Diaz@thomas-shelton.com,1957-04-30,57506727,1957-04-30,1957,Leslie,Diaz,True,Diaz_0bd1d
Grant Snyder,Grant_Snyder@gonzales.com,1973/10/31,23872143,1973-10-31,1973,Grant,Snyder,True,Snyder_d3f05
Brandi Jenkins,Brandi_Jenkins@miller.com,28-12-1965,79308567,1965-12-28,1965,Brandi,Jenkins,True,Jenkins_27fe6
Amy Haynes,Amy_Haynes@levy.com,1960-03-14,41563455,1960-03-14,1960,Amy,Haynes,True,Haynes_18bc2
John Roberts,John_Roberts@hendricks.com,15-03-1954,16513279,1954-03-15,1954,John,Roberts,True,Roberts_d606a
Carrie Nelson,Carrie_Nelson@archer-murphy.com,1951-06-09,49242255,1951-09-06,1951,Carrie,Nelson,True,Nelson_82b88
Jacob Hood,Jacob_Hood@evans.com,1956-02-08,24204143,1956-08-02,1956,Jacob,Hood,True,Hood_49403
Tracy Charles,Tracy_Charles@rowe.com,1993/11/08,62200511,1993-08-11,1993,Tracy,Charles,True,Charles_31f3e
Brandon Johnson,Brandon_Johnson@ramirez.com,10-03-1985,60862935,1985-03-10,1985,Brandon,Johnson,True,Johnson_56e3d
Wendy Nelson,Wendy_Nelson@day.com,1965-01-08,59119063,1965-08-01,1965,Wendy,Nelson,True,Nelson_e8e0f
Jasmine Ramsey,Jasmine_Ramsey@jackson.com,1950/04/07,16447279,1950-07-04,1950,Jasmine,Ramsey,True,Ramsey_75147
William Beltran,William_Beltran@bean.com,1985/03/13,16495975,1985-03-13,1985,William,Beltran,True,Beltran_b42ac
Gerald Stuart,Gerald_Stuart@strong.net,08-10-1995,98421991,1995-10-08,1995,Gerald,Stuart,True,Stuart_08df4
Jacob Vaughan,Jacob_Vaughan@martinez.com,1983-09-08,69615007,1983-08-09,1983,Jacob,Vaughan,True,Vaughan_8e8df
Alyssa Ferguson,Alyssa_Ferguson@holmes.com,04-10-2004,64014879,2004-10-04,2004,Alyssa,Ferguson,True,Ferguson_bd99c
Matthew Fuentes,Matthew_Fuentes@miranda.com,1966/03/29,33411447,1966-03-29,1966,Matthew,Fuentes,True,Fuentes_0598c
April Carpenter,April_Carpenter@page.com,29-09-1971,97274415,1971-09-29,1971,April,Carpenter,True,Carpenter_4acee
Rachel Garcia,Rachel_Garcia@neal.com,21-10-1996,87786127,1996-10-21,1996,Rachel,Garcia,True,Garcia_d383b
Patrick Madden,Patrick_Madden@sanders.com,1994/11/01,35389647,1994-01-11,1994,Patrick,Madden,True,Madden_e846a
Angela Myers,Angela_Myers@rodriguez.com,1974/01/26,59457063,1974-01-26,1974,Angela,Myers,True,Myers_96365
Wayne Baker,Wayne_Baker@brown.com,1967/12/27,92067207,1967-12-27,1967,Wayne,Baker,True,Baker_726e6
Haley Cox,Haley_Cox@lewis.com,1964/10/01,27911351,1964-01-10,1964,Haley,Cox,True,Cox_2e2dc
Dan Sanders,Dan_Sanders@klein-hernandez.com,1950-08-13,30043759,1950-08-13,1950,Dan,Sanders,True,Sanders_65a5d
Thomas Fisher,Thomas_Fisher@phillips.com,15-04-1985,99090999,1985-04-15,1985,Thomas,Fisher,True,Fisher_cd40a
Taylor Lopez,Taylor_Lopez@jones-salazar.com,1957/05/22,17889439,1957-05-22,1957,Taylor,Lopez,True,Lopez_d2a7d
Jeffrey Macias,Jeffrey_Macias@cox.com,03-10-1990,98485783,1990-10-03,1990,Jeffrey,Macias,True,Macias_b438f
Brian Drake,Brian_Drake@hurst-price.net,11-02-1962,83466007,1962-02-11,1962,Brian,Drake,True,Drake_a32f0
Timothy Jordan,Timothy_Jordan@young.com,28-12-1999,77411263,1999-12-28,1999,Timothy,Jordan,True,Jordan_26d57
Kathy Leblanc,Kathy_Leblanc@warren-gray.com,1981-02-27,69067343,1981-02-27,1981,Kathy,Leblanc,True,Leblanc_25e89
William Floyd,William_Floyd@duran.com,1972/07/13,27758191,1972-07-13,1972,William,Floyd,True,Floyd_ee7c0
Angela Hayden,Angela_Hayden@barry.net,23-06-1996,28574351,1996-06-23,1996,Angela,Hayden,True,Hayden_44dbe
Renee Hodges,Renee_Hodges@hamilton.com,1987/12/28,63899519,1987-12-28,1987,Renee,Hodges,True,Hodges_c3205
Samantha Miller,Samantha_Miller@mcmahon.com,1965/04/06,41451647,1965-06-04,1965,Samantha,Miller,True,Miller_13572
Lauren Orozco,Lauren_Orozco@sanchez.com,26-01-2000,71540231,2000-01-26,2000,Lauren,Orozco,True,Orozco_32e5d
Matthew Diaz,Matthew_Diaz@ortiz.com,2004/04/29,19038407,2004-04-29,2004,Matthew,Diaz,True,Diaz_b1fbe
April Owen,April_Owen@sanchez.com,1967/09/23,16552967,1967-09-23,1967,April,Owen,True,Owen_1c1c8
Mr. Evan Russell,Evan_Russell@ferguson.net,20-01-1959,75209343,1959-01-20,1959,Evan,Russell,True,Russell_eeae9
Brent Castaneda,Brent_Castaneda@garcia.com,1958/03/07,80875871,1958-07-03,1958,Brent,Castaneda,True,Castaneda_f22d0
Gregory Peters,Gregory_Peters@ray.net,1990-09-02,78256247,1990-02-09,1990,Gregory,Peters,True,Peters_e27c8
Matthew Salazar,Matthew_Salazar@jones-jones.com,1999/12/11,50895327,1999-11-12,1999,Matthew,Salazar,True,Salazar_bc3a9
Natasha Martinez,Natasha_Martinez@west.com,1968-04-18,55194439,1968-04-18,1968,Natasha,Martinez,True,Martinez_fa7cb
Charles Powell,Charles_Powell@knight.com,1997-09-06,47215879,1997-06-09,1997,Charles,Powell,True,Powell_3954e
Brian Powell,Brian_Powell@hernandez.com,15-11-1959,67153775,1959-11-15,1959,Brian,Powell,True,Powell_c3379
Laura Sandoval,Laura_Sandoval@brown.com,13-09-1986,17475623,1986-09-13,1986,Laura,Sandoval,True,Sandoval_6592d
Mr. Charles Gonzalez,Charles_Gonzalez@navarro.com,04-04-1971,94465511,1971-04-04,1971,Charles,Gonzalez,True,Gonzalez_bc4a4
Nicholas Caldwell,Nicholas_Caldwell@hurley-bass.com,1977-07-14,42525999,1977-07-14,1977,Nicholas,Caldwell,True,Caldwell_92d76
Brian Wyatt,Brian_Wyatt@wright-young.com,1958-12-11,63631399,1958-11-12,1958,Brian,Wyatt,True,Wyatt_4c1f7
Ryan Garcia,Ryan_Garcia@vazquez-wells.com,1993/08/15,26856535,1993-08-15,1993,Ryan,Garcia,True,Garcia_a540e
Megan Anderson,Megan_Anderson@wilson-murillo.com,1970-07-29,21736903,1970-07-29,1970,Megan,Anderson,True,Anderson_a86c0
Pamela Hughes,Pamela_Hughes@charles-costa.com,1987-06-13,40181295,1987-06-13,1987,Pamela,Hughes,True,Hughes_5403f
Tiffany Scott,Tiffany_Scott@davis.com,1986-11-10,76272207,1986-10-11,1986,Tiffany,Scott,True,Scott_8d6d8
Stanley Conway,Stanley_Conway@adams.com,1985/09/05,71853567,1985-05-09,1985,Stanley,Conway,True,Conway_b0354
Yolanda Petty,Yolanda_Petty@dunlap-brown.com,25-01-1991,69674519,1991-01-25,1991,Yolanda,Petty,True,Petty_89b4f
Timothy Evans,Timothy_Evans@douglas-gray.net,07-03-2004,21273015,2004-03-07,2004,Timothy,Evans,True,Evans_dd024
Tara Jones,Tara_Jones@blankenship.net,1985/03/03,49275455,1985-03-03,1985,Tara,Jones,True,Jones_7290c
George Williams,George_Williams@patton.com,1981/03/19,69991287,1981-03-19,1981,George,Williams,True,Williams_c20d3
Lori Allen,Lori_Allen@valdez-phillips.com,2002-09-16,28175727,2002-09-16,2002,Lori,Allen,True,Allen_8c000
Charles Kelly,Charles_Kelly@dalton.com,1969/04/01,62777351,1969-01-04,1969,Charles,Kelly,True,Kelly_19719
Jonathan Villa,Jonathan_Villa@suarez.com,1975-12-03,80471287,1975-03-12,1975,Jonathan,Villa,True,Villa_7f0b3
Cindy Jackson,Cindy_Jackson@garcia-burch.com,1967-07-27,60954247,1967-07-27,1967,Cindy,Jackson,True,Jackson_40b1b
Scott Williams,Scott_Williams@keller-wong.com,03-08-1980,85799255,1980-08-03,1980,Scott,Williams,True,Williams_09feb
Dylan Hernandez,Dylan_Hernandez@singleton-johnson.com,1995-03-01,31405951,1995-01-03,1995,Dylan,Hernandez,True,Hernandez_93271
Michelle Garcia,Michelle_Garcia@lynch.com,1980-10-17,52895823,1980-10-17,1980,Michelle,Garcia,True,Garcia_6967c
Matthew Bailey,Matthew_Bailey@benjamin.com,28-07-1987,39436023,1987-07-28,1987,Matthew,Bailey,True,Bailey_255ab
Curtis Flynn,Curtis_Flynn@cook-drake.com,26-09-1978,58787463,1978-09-26,1978,Curtis,Flynn,True,Flynn_066c3
Thomas Perez,Thomas_Perez@greene-lopez.com,1963/02/20,96377439,1963-02-20,1963,Thomas,Perez,True,Perez_7a5c3
Sheri Kline,Sheri_Kline@hinton.com,1994-06-09,33546343,1994-09-06,1994,Sheri,Kline,True,Kline_f3c8c
Mr. Jeff Baker,Jeff_Baker@bentley.com,24-04-1967,57871767,1967-04-24,1967,Jeff,Baker,True,Baker_4cd37
Shannon Thomas,Shannon_Thomas@dawson-alexander.com,1968-09-03,18892279,1968-03-09,1968,Shannon,Thomas,True,Thomas_21996
Jeffrey Murray,Jeffrey_Murray@jones.net,21-12-1982,27473887,1982-12-21,1982,Jeffrey,Murray,True,Murray_8d3f7
Kristin Wagner,Kristin_Wagner@clayton.com,1997/01/29,66045343,1997-01-29,1997,Kristin,Wagner,True,Wagner_83f4e
Nicole Shea,Nicole_Shea@mcclure.com,1956-01-02,28795599,1956-02-01,1956,Nicole,Shea,True,Shea_d5ebd
